project_name,twitter_handle,twitter_id,author_name,total_engagement,avg_engagement,engagement_rate,mindshare_percentage,first_tweet,follower_count,description,created_at,creator_twitter_handle,project_twitter_handle,Rank,creator_code,Creator_ID
EmberProtocol_,kurdm673,1922723634126389250,Kurdm63,257,25.7,0.85,7.75,2025-11-20 19:50:11,1096,"KURD

Collector of rare NFTs â€¢ Airdrop enthusiast  Sharing tips on how to spot legit drops & join early. #NFT #Crypto",2025-12-11 01:04:00.675159,kurdm673,EmberProtocol_,4,C1,kurdm673
EmberProtocol_,msaqlainfcma,1655969607914536961,Clickity-Clackers $DROPEE ğŸ«,116,16.571428571428573,26.24,0.11,2025-11-25 10:57:34,3349,#IotaAmbassador Building with @DataHaven_xyz ğŸ« @billions_ntwk,2025-12-11 01:04:00.675159,msaqlainfcma,EmberProtocol_,15,C2,msaqlainfcma
EmberProtocol_,raghu0208442636,1926491539443740673,Vishal Kumar,203,29.0,26.68,0.2,2025-11-20 12:50:05,436,Connect with me for daily farming #IOTAambassador @GiveRep,2025-12-11 01:04:00.675159,raghu0208442636,EmberProtocol_,7,C3,raghu0208442636
EmberProtocol_,thimy68v,1648572505232400385,My ğŸ‰ Ï€Â²,140,23.33333333333333,13.94,0.26,2025-11-22 09:09:20,706,#IOTAambassador,2025-12-11 01:04:00.675159,thimy68v,EmberProtocol_,12,C4,thimy68v
EmberProtocol_,phanchicuong5,849011579475566592,C&H ğŸŸ§ Ï€Â²,125,20.83333333333333,7.8,0.41,2025-11-22 09:11:58,569,#IOTAambassador,2025-12-11 01:04:00.675159,phanchicuong5,EmberProtocol_,13,C5,phanchicuong5
EmberProtocol_,thuyhan68,1620979210683822081,Han | Monad | Ï€Â²,119,23.8,13.37,0.23,2025-11-22 08:37:58,821,"Gia Ä‘Ã¬nh 
#IOTAambassador  
$IOTA",2025-12-11 01:04:00.675159,thuyhan68,EmberProtocol_,14,C6,thuyhan68
EmberProtocol_,hontrieu68,1620987823280246784,CatDang | Ï€Â²,75,18.75,37.5,0.05,2025-11-22 08:57:33,719,"Change airdrop | #ISLM_MAXI 
GameFI @orivium
#IOTAambassador",2025-12-11 01:04:00.675159,hontrieu68,EmberProtocol_,21,C7,hontrieu68
EmberProtocol_,gab_riel4k,1872315395861884928,ğŸŒ¾Ú¯Ø§Ø¨Ø±ÛŒÙ„ ğŸ›¸ğŸ‡ºğŸ‡¸,88,22.0,4.57,0.5,2025-11-21 04:26:26,1015,"ğŸ‡ºğŸ‡¸Gabriel | Iranian crypto enthusiast
Passionate about blockchain & digital assets ğŸ’¸Supporting crypto projects on X
l #IOTAambassador",2025-12-11 01:04:00.675159,gab_riel4k,EmberProtocol_,18,C8,gab_riel4k
EmberProtocol_,srrakib1153845,1754048558670794752,"Sr RakiB Hasbiland nexyai.io Ï€Â²(â–,â–)EmoFi ğŸŒ¶ï¸",25,6.25,21.19,0.03,2025-11-24 18:55:27,920,Crypto exchange #CrunchieOG,2025-12-11 01:04:00.675159,srrakib1153845,EmberProtocol_,37,C9,srrakib1153845
EmberProtocol_,binnorthy,1725398140096856064,Binnorthy_SuiğŸŒŠ,52,13.0,6.92,0.19,2025-11-21 05:26:57,1661,"Crypto trader,Web3 Content Creator,Sui maxi,Airdrop hunter,NFT maxi/Keeper,Community moderator,@PawtatoFinance  believerğŸŒ± @Giverep Famoor,Builder ğŸ”” Binnorthy",2025-12-11 01:04:00.675159,binnorthy,EmberProtocol_,26,C10,binnorthy
EmberProtocol_,rez1e92,1072565193014734849,Reza,341,85.25,0.44,20.11,2025-11-23 15:10:32,2841,#IOTAambassador,2025-12-11 01:04:00.675159,rez1e92,EmberProtocol_,3,C11,rez1e92
EmberProtocol_,aismail_22,1641179508010000384,A. Ismail ğŸ’,251,62.75,8.82,0.73,2025-11-22 09:14:50,2838,Web3 Content Creator || Moderator || Crypto Trader || Community Builder || Ambassador,2025-12-11 01:04:00.675159,aismail_22,EmberProtocol_,5,C12,aismail_22
EmberProtocol_,alizaker1539930,1884829772586348544,"Ali Zaker Taker (Ã˜,G)",43,10.75,24.71,0.04,2025-11-28 03:55:47,997,,2025-12-11 01:04:00.675159,alizaker1539930,EmberProtocol_,29,C13,alizaker1539930
EmberProtocol_,thuytran68v,1620997498390319104,TayZe.X â™¥ | Ï€Â²,74,18.5,40.66,0.05,2025-11-22 08:55:05,730,#IOTAambassador,2025-12-11 01:04:00.675159,thuytran68v,EmberProtocol_,22,C14,thuytran68v
EmberProtocol_,cryptosahil2,1734931120637054976,virat(iota),237,79.0,2.46,2.48,2025-11-27 12:09:41,1079,"i am working on  @giverep project.
i love @giverep community.
#giverep is the real King ğŸ‘‘
#IotaAmbassador",2025-12-11 01:04:00.675159,cryptosahil2,EmberProtocol_,6,C15,cryptosahil2
EmberProtocol_,ghuhhzhhs36023,1853434837312618496,Felix,4,1.3333333333333333,7.02,0.01,2025-11-23 06:43:00,490,Crypto enthusiast | Airdrop farmer | Web3 wanderer || @GiveRep Let's farm together!,2025-12-11 01:04:00.675159,ghuhhzhhs36023,EmberProtocol_,46,C16,ghuhhzhhs36023
EmberProtocol_,derekjaden_sui,1783001744521236481,Derek Jaden ğŸ¦‘ğŸ¥·ğŸ¥¶,31,10.333333333333334,5.5,0.15,2025-11-27 10:29:57,1851,God First| $SUI Believer| Crypto MindedğŸ’¯| Web3 Writer/ Thread Creator| Reply Guy,2025-12-11 01:04:00.675159,derekjaden_sui,EmberProtocol_,35,C17,derekjaden_sui
EmberProtocol_,mark_degreaat,772089330168897536,Mark. edgeğŸ¦­,723,241.0,2.82,6.62,2025-11-27 14:30:53,19934,Tier 1 KOL â€¢ Defi Analyst â€¢ Content Marketer,2025-12-11 01:04:00.675159,mark_degreaat,EmberProtocol_,1,C18,mark_degreaat
EmberProtocol_,01_cryptox,1918724712395653120,Monster,149,49.66666666666666,53.02,0.07,2025-11-27 11:27:54,140,,2025-12-11 01:04:00.675159,01_cryptox,EmberProtocol_,8,C19,01_cryptox
EmberProtocol_,horlahdotsui,1907831684155723776,Horlah Sui ğŸ’§,143,47.66666666666666,1.57,2.35,2025-11-27 06:02:15,1458,Sui believer ğŸ’§   #IOTAambassador,2025-12-11 01:04:00.675159,horlahdotsui,EmberProtocol_,11,C20,horlahdotsui
EmberProtocol_,ranasahil00622,1800187877311086592,Sahil ğŸŒŠ,144,48.0,28.02,0.13,2025-11-22 17:01:08,726,"ğŸš€ Web3 Explorer | Airdrop Hunter ğŸ¯ | @Giverep vibes | #IOTAambassador
Backup id @mr_syco_X",2025-12-11 01:04:00.675159,ranasahil00622,EmberProtocol_,10,C21,ranasahil00622
EmberProtocol_,ansarikhus3737,1946937336283140096,ğ‚ğ«ğ²ğ©ğ­ğ¨ğ…ğ¥ğšğ«ğ,15,7.5,12.61,0.03,2025-11-22 18:23:11,458,"New to Web3 and shaping my own digital space | Learning crypto with curiosity | Exploring the chain gently in my own flow. 
#IOTAambassador",2025-12-11 01:04:00.675159,ansarikhus3737,EmberProtocol_,40,C22,ansarikhus3737
EmberProtocol_,bbbbhome,3036078624,BBBB Home,35,17.5,24.65,0.04,2025-11-24 09:44:40,2197,"Exploring the future of crypto with @BioProtocol, @KaitoAI, and @Giverep â€” building trust, insight & reputation in Web3.",2025-12-11 01:04:00.675159,bbbbhome,EmberProtocol_,32,C23,bbbbhome
EmberProtocol_,bigphemphem,1792209805496446977,PHEM âœŠ,149,74.5,0.6,6.35,2025-11-21 03:00:31,2665,|| Captain @OxRescue || Growth strategist || Amb @Megalodon_sui || NFTs & DeFi ğŸŒ || DEGEN â¤ï¸,2025-12-11 01:04:00.675159,bigphemphem,EmberProtocol_,8,C24,bigphemphem
EmberProtocol_,clarkmark2462,1555898542350340096,é©¬å°”æ–‡åšå£«ã€‚ğŸ§¡ğŸ§¡ğŸ§¡ğŸŠ,15,7.5,28.85,0.01,2025-11-20 19:06:57,398,Saving life is my priority. æ‹¯æ•‘ç”Ÿå‘½æ˜¯æˆ‘çš„é¦–è¦ä»»åŠ¡ã€‚ğŸ©ºğŸ©»ğŸ‘¨â€âš•ï¸,2025-12-11 01:04:00.675159,clarkmark2462,EmberProtocol_,40,C25,clarkmark2462
EmberProtocol_,crypto_0ggy,1916726908869570560,Crypto Oggy ğŸ˜»,364,182.0,18.58,0.5,2025-11-21 05:11:58,5601,Crypto Agent ğŸ•µğŸ» || Bitcoin MaxiiiğŸ¥·ğŸ»,2025-12-11 01:04:00.675159,crypto_0ggy,EmberProtocol_,2,C26,crypto_0ggy
EmberProtocol_,garciaisabel60,1424953810674356224,Sabel ğŸª‚,10,5.0,29.41,0.01,2025-12-04 05:22:47,92,Crypto Agent $SUI,2025-12-11 01:04:00.675159,garciaisabel60,EmberProtocol_,42,C27,garciaisabel60
EmberProtocol_,harir1022,1846032112945975296,Harir,89,44.5,19.65,0.12,2025-11-22 12:08:59,971,"I'm an Iranian girl who loves crypto and Bitcoin
Farmer and Jeweler   #Crypto",2025-12-11 01:04:00.675159,harir1022,EmberProtocol_,17,C28,harir1022
EmberProtocol_,idowurotimi10,1547251911862140929,Fecund Bough #IOTAambassador,5,2.5,7.25,0.02,2025-11-23 17:36:05,3088,Building the future of Web3 | Crypto entrepreneur | Turning ideas into onchain impact..,2025-12-11 01:04:00.675159,idowurotimi10,EmberProtocol_,45,C29,idowurotimi10
EmberProtocol_,jarawhytee,1798341355992764416,JaraWhytee,37,18.5,3.18,0.3,2025-11-21 07:31:50,467,Doubt has no place,2025-12-11 01:04:00.675159,jarawhytee,EmberProtocol_,30,C30,jarawhytee
EmberProtocol_,mafiacaptain001,1889301891022016512,captain mafia,146,73.0,5.6,0.67,2025-11-27 05:27:30,1447,Just a guy who love crypto  â€¢ #IotaAmbassador,2025-12-11 01:04:00.675159,mafiacaptain001,EmberProtocol_,9,C31,mafiacaptain001
EmberProtocol_,owolex217693,1689053866531184641,Snow,50,25.0,37.31,0.03,2025-11-23 09:45:09,881,Building a decentralized future with #Web3 | Exploring the possibilities of blockchain | Advocating for digital freedom and sovereignty $sol to $sui,2025-12-11 01:04:00.675159,owolex217693,EmberProtocol_,27,C32,owolex217693
EmberProtocol_,philose,1854344207068192768,Philose ğŸ„ğŸ¥¶,44,22.0,5.73,0.2,2025-11-27 10:14:27,5846,#EatFi Enthusiast | Replies/ Shitpost @WalrusProtocol ğŸ¦­ & @CetusProtocol ğŸ³,2025-12-11 01:04:00.675159,philose,EmberProtocol_,28,C33,philose
EmberProtocol_,tarikul2052,1690302611067641857,ğ—¢ğ˜…ğ— ğ—²ğ˜ğ—®ğ—¦ğ—½ğ—²ğ—°ğ˜ğ—¿ğ—®ğŸŒŒ,34,17.0,4.52,0.19,2025-11-21 07:48:50,3280,follow back to backğŸ’¯ğŸ’¯ğŸ’¯ğŸ’¯,2025-12-11 01:04:00.675159,tarikul2052,EmberProtocol_,33,C34,tarikul2052
EmberProtocol_,thatonelight_12,1716971102713286656,thatonelight.,32,16.0,5.85,0.14,2025-11-27 09:09:50,1138,"Reply guyâ¤ï¸||
Thread writer||
Content Creator||
Community Mod",2025-12-11 01:04:00.675159,thatonelight_12,EmberProtocol_,34,C35,thatonelight_12
EmberProtocol_,hollytorress,1694748253265227783,Holly,9,9.0,0.39,0.59,2025-11-21 07:47:39,121,I love dogs and gummy bears,2025-12-11 01:04:00.675159,hollytorress,EmberProtocol_,43,C36,hollytorress
EmberProtocol_,ifeyinoni,1740078158924189696,"Ife Noniã€Œâšœï¸ã€ (â–,â–)",20,20.0,12.74,0.04,2025-11-27 10:37:21,1367,Web3 Enthusiast/ Explorer | Community builder |Space host |building @IKACHANPFP | Mobile Photographer | Sneaker and Textile  pattern Designer #IOTAambassador,2025-12-11 01:04:00.675159,ifeyinoni,EmberProtocol_,39,C37,ifeyinoni
EmberProtocol_,kareem_tweena,3310244674,ğ•‚ğ”¸â„ğ”¼ğ”¼ğ•„ ğ•‹ğ•ğ”¼ğ”¼â„•ğ”¸,60,60.0,17.44,0.2,2025-11-24 17:11:26,1085,Radiology Technologist ğŸ©» | Medical Content Creator | ğŸš€ Crypto & Blockchain Enthusiast,2025-12-11 01:04:00.675159,kareem_tweena,EmberProtocol_,24,C38,kareem_tweena
EmberProtocol_,talish_vhazroo,1870545330934038528,Talish,78,78.0,62.9,0.07,2025-12-04 05:21:54,729,"Build web3 Reputation

#IOTAambassador",2025-12-11 01:04:00.675159,talish_vhazroo,EmberProtocol_,20,C39,talish_vhazroo
EmberProtocol_,khan_shaho83605,1968603437530263552,Shahoo Khan,13,13.0,14.13,0.05,2025-11-23 17:54:43,189,,2025-12-11 01:04:00.675159,khan_shaho83605,EmberProtocol_,41,C40,khan_shaho83605
EmberProtocol_,tanmay130,1106625201830350848,Tanmay,4,4.0,8.51,0.03,2025-11-22 09:39:54,2795,"KOL - @MEXC_Official,@BitunixOfficial,@BitTapGlobal | AMB - @EBlockchainCon | Web3 Analyst & Content Creator | Believer in @SuiNetwork",2025-12-11 01:04:00.675159,tanmay130,EmberProtocol_,46,C41,tanmay130
EmberProtocol_,luname662786,1849172348475158528,Sol Luna,57,57.0,24.05,0.14,2025-11-21 17:14:48,1345,"Cyber Architect âœ¦
 
SocialFi + Identity Layers  
Designing how humans connect on chain

Observe | Build | Evolve",2025-12-11 01:04:00.675159,luname662786,EmberProtocol_,25,C42,luname662786
EmberProtocol_,lynguyen203,1980202363945357312,Ngá»c Ly,24,24.0,26.37,0.05,2025-11-27 11:59:09,349,,2025-12-11 01:04:00.675159,lynguyen203,EmberProtocol_,38,C43,lynguyen203
EmberProtocol_,modavid8646868,1703966409145950208,Abdo Mahmoud Hasbiland,9,9.0,18.0,0.03,2025-11-28 18:02:05,1680,Abdoo,2025-12-11 01:04:00.675159,modavid8646868,EmberProtocol_,43,C44,modavid8646868
EmberProtocol_,That_one_marvis,1846871738216337409,MÃ¥rvis ğŸ§¸ğŸ’­,114,114.0,1.86,3.55,2025-11-30 06:54:29,1124,Content writer ğŸ–‹ï¸ğŸ’» || Reply guy ğŸ’­ || Building on $SUI || Projects promoter on $SUI || MOD/Community builder || @lofitheyeti believer || #IotaAmbassador,2025-12-11 01:04:00.675159,That_one_marvis,EmberProtocol_,16,C45,that_one_marvis
EmberProtocol_,alekrewella,2796272759,æˆ‘ä¸åƒç‰›è‚‰,20,20.0,15.5,0.07,2025-11-21 05:38:11,320,è¦å¿«ä¹,2025-12-11 01:04:00.675159,alekrewella,EmberProtocol_,39,C46,alekrewella
EmberProtocol_,nguyensky2012,1647231233712349187,BlueWave ğŸŒŠ RIVER .edgeğŸ¦­,8,8.0,4.68,0.1,2025-11-21 02:13:53,2458,Má»™t lÃ n sÃ³ng tÃ­ch cá»±c trong Ä‘áº¡i dÆ°Æ¡ng Web3. #IOTAambassador,2025-12-11 01:04:00.675159,nguyensky2012,EmberProtocol_,44,C47,nguyensky2012
EmberProtocol_,pato_programs,1742235907439177728,Patrickpedro,80,80.0,1.65,2.81,2025-11-25 05:01:41,4161,Sui believer - Researcher,2025-12-11 01:04:00.675159,pato_programs,EmberProtocol_,19,C48,pato_programs
EmberProtocol_,aizco_designs,1987502528335065088,Aizco ğŸŒ,0,0.0,0.0,0.0,2025-11-23 12:34:08,33,All about the blockchain and the bag,2025-12-11 01:04:00.675159,aizco_designs,EmberProtocol_,48,C49,aizco_designs
EmberProtocol_,0xpain__,1589232895000215553,0xPain,35,35.0,0.43,4.75,2025-11-24 07:34:46,7053,I share my investment journey & thought about web3 stuff | Bullish on the Water chainğŸ’§ Core Contributor @Nerdy_node,2025-12-11 01:04:00.675159,0xpain__,EmberProtocol_,32,C50,0xpain__
EmberProtocol_,ad_subho,1856689722489241600,Subho,0,0.0,0.0,0.03,2025-12-06 21:29:28,501,- AirDrop - Web3 - Crypto -,2025-12-11 01:04:00.675159,ad_subho,EmberProtocol_,48,C51,ad_subho
EmberProtocol_,cryptherapist02,1934329672038252544,Crypto Therapy,26,26.0,46.43,0.03,2025-11-21 06:23:34,4582,Crypto Trader ||  Full time Web3 Degen || NFA || DeFi Enthusiast || CM || Threadoor || DM for Collabs,2025-12-11 01:04:00.675159,cryptherapist02,EmberProtocol_,36,C52,cryptherapist02
EmberProtocol_,doncurrent_,469458300,Doncurrent ğŸ°,43,43.0,0.56,4.42,2025-12-02 11:07:25,4456,God First || DeFi Content Creator and Educator || Public Speaker ğŸ™ï¸ || Beta Tester || Marketer,2025-12-11 01:04:00.675159,doncurrent_,EmberProtocol_,29,C53,doncurrent_
EmberProtocol_,duynguyen120790,997708096486060033,DuyNguyen Ï€Â²,10,10.0,27.03,0.02,2025-11-24 06:59:19,433,NgÆ°á»i bÃ¬nh thÆ°á»ng,2025-12-11 01:04:00.675159,duynguyen120790,EmberProtocol_,42,C54,duynguyen120790
EmberProtocol_,elivra_sui,1665731756614467584,Elvira.sui,72,72.0,11.41,0.37,2025-12-04 05:54:31,312,I am the only person that has a good heart,2025-12-11 01:04:00.675159,elivra_sui,EmberProtocol_,23,C55,elivra_sui
EmberProtocol_,samuelobiora77,1854197101,Plutus | ğ”½rAI ADD+,2,2.0,13.33,0.01,2025-11-24 19:21:50,1887,"Helping young men and women to grow mentally, financially love life, marriage, physically & spiritually and also a motivational giver",2025-12-11 01:04:00.675159,samuelobiora77,EmberProtocol_,47,C56,samuelobiora77
EmberProtocol_,sebassam01,1791877353854930945,SamSebas,8,8.0,32.0,0.01,2025-11-27 09:52:01,609,contributor to @tribdotfun | web3 enthusiast | project manager | Alpha hunter,2025-12-11 01:04:00.675159,sebassam01,EmberProtocol_,44,C57,sebassam01
EmberProtocol_,giang86b,1819586324762185728,"Giang (â–,â–)",36,36.0,5.59,0.37,2025-12-04 00:45:12,439,"chÃ©o follow, tÆ°Æ¡ng tÃ¡c

#IOTAambassador",2025-12-11 01:04:00.675159,giang86b,EmberProtocol_,31,C58,giang86b
EmberProtocol_,somaie777580,1901157652962435072,Somaie77,2,2.0,12.5,0.01,2025-11-30 19:20:24,77,,2025-12-11 01:04:00.675159,somaie777580,EmberProtocol_,47,C59,somaie777580
ferra_protocol,silverhard_,1606720742925770752,Silverhard.sui (zone arc),15,15.0,5.08,100.0,2025-12-01 08:51:00,6274,Builder & Creator on sui â†’ Official AMB @Scallop_io  || RWA & DeSci || REDACTED soon,2025-12-11 01:04:00.328752,silverhard_,ferra_protocol,1,C60,silverhard_
bluefinapp,ajunestyle,1151571280015101954,Ajune ğŸ‘°,35,35.0,21.74,0.56,2025-11-22 07:58:15,2493,"Crypto enthusiast| Web3 sarita|
@KaitoAI creator| ğŸ‘¾ğŸ›¡ï¸|",2025-12-11 01:04:09.843383,ajunestyle,bluefinapp,4,C61,ajunestyle
bluefinapp,defi_funds1,1696492390230409216,DESMOND.Sui,34,34.0,3.74,3.14,2025-11-27 11:21:01,4646,Informative content writer ||Analyst || Technical writer|| Supporter @SuiNetwork||Building @Sentra_fi|| Ambs. @HaedalProtocol||ex KOL @MMTFinance,2025-12-11 01:04:09.843383,defi_funds1,bluefinapp,5,C62,defi_funds1
bluefinapp,mark_degreaat,772089330168897536,Mark. edgeğŸ¦­,231,231.0,4.78,16.68,2025-11-29 06:44:53,19934,Tier 1 KOL â€¢ Defi Analyst â€¢ Content Marketer,2025-12-11 01:04:09.843383,mark_degreaat,bluefinapp,2,C18,mark_degreaat
bluefinapp,suinetwork,1428872926363754497,Sui,403,403.0,2.05,67.84,2025-12-05 00:00:10,1117547,"Layer 1 blockchain designed to make digital asset ownership fast, private, secure, and accessible to everyone. Twitter by @SuiFoundation. RT â‰  endorsement.",2025-12-11 01:04:09.843383,suinetwork,bluefinapp,1,C63,suinetwork
bluefinapp,suinetwork_fr,1894451524413321216,Sui France ğŸ‡«ğŸ‡·,36,36.0,10.08,1.23,2025-11-27 16:32:02,10446,"Blockchain de Layer 1 conÃ§ue pour garantir une possession dâ€™actifs numÃ©riques rapide, privÃ©e, sÃ©curisÃ©e et accessible Ã  tous. Twitter affiliÃ© Ã  @SuiFoundation.",2025-12-11 01:04:09.843383,suinetwork_fr,bluefinapp,3,C64,suinetwork_fr
MMTFinance,aismail_22,1641179508010000384,A. Ismail ğŸ’,70,70.0,5.17,5.04,2025-11-12 10:03:43,2838,Web3 Content Creator || Moderator || Crypto Trader || Community Builder || Ambassador,2025-12-11 01:04:08.659184,aismail_22,MMTFinance,2,C12,aismail_22
MMTFinance,defi_funds1,1696492390230409216,DESMOND.Sui,34,34.0,3.74,3.39,2025-11-27 11:21:01,4646,Informative content writer ||Analyst || Technical writer|| Supporter @SuiNetwork||Building @Sentra_fi|| Ambs. @HaedalProtocol||ex KOL @MMTFinance,2025-12-11 01:04:08.659184,defi_funds1,MMTFinance,4,C62,defi_funds1
MMTFinance,peddy_sui,1921182901435039744,Pedro.suiğŸ¥¶,12,12.0,12.9,0.35,2025-11-20 06:36:36,518,,2025-12-11 01:04:08.659184,peddy_sui,MMTFinance,5,C65,peddy_sui
MMTFinance,suinetwork,1428872926363754497,Sui,403,403.0,2.05,73.22,2025-12-05 00:00:10,1117547,"Layer 1 blockchain designed to make digital asset ownership fast, private, secure, and accessible to everyone. Twitter by @SuiFoundation. RT â‰  endorsement.",2025-12-11 01:04:08.659184,suinetwork,MMTFinance,1,C63,suinetwork
MMTFinance,suinetworkbr,1836813032325791744,Sui Community Brasil,37,37.0,4.75,2.9,2025-11-11 14:20:00,1689,"Comunidade Sui BR | Devs, Updates & Oportunidades na rede Sui:
ğŸ’§Whatsapp oficial para desenvolvedores no link da bio.",2025-12-11 01:04:08.659184,suinetworkbr,MMTFinance,3,C66,suinetworkbr
MMTFinance,thienbinhad,2176013028,Libra.eth ğŸŒŠRIVER,8,8.0,8.99,0.33,2025-11-28 05:19:36,2864,"Full-time research on project NFT, Web 3.0, Metaverse, Exchangeâ€¦!",2025-12-11 01:04:08.659184,thienbinhad,MMTFinance,6,C67,thienbinhad
PythNetwork,denispodd_17,1540691339364298753,DnsXpoD,90,90.0,17.86,92.14,2025-12-04 01:33:42,2619,gamblerâ˜†paperhanderâ˜†mferâ˜†smoll,2025-12-11 01:04:11.666326,denispodd_17,PythNetwork,1,C68,denispodd_17
lofitheyeti,pato_programs,1742235907439177728,Patrickpedro,177,88.5,2.43,57.58,2025-11-12 05:01:03,4161,Sui believer - Researcher,2025-12-11 01:04:19.363833,pato_programs,lofitheyeti,1,C48,pato_programs
lofitheyeti,horlahdotsui,1907831684155723776,Horlah Sui ğŸ’§,58,29.0,6.09,7.52,2025-11-27 06:02:15,1458,Sui believer ğŸ’§   #IOTAambassador,2025-12-11 01:04:19.363833,horlahdotsui,lofitheyeti,3,C20,horlahdotsui
lofitheyeti,binnorthy,1725398140096856064,Binnorthy_SuiğŸŒŠ,16,16.0,3.76,3.36,2025-12-02 05:20:19,1661,"Crypto trader,Web3 Content Creator,Sui maxi,Airdrop hunter,NFT maxi/Keeper,Community moderator,@PawtatoFinance  believerğŸŒ± @Giverep Famoor,Builder ğŸ”” Binnorthy",2025-12-11 01:04:19.363833,binnorthy,lofitheyeti,6,C10,binnorthy
lofitheyeti,derekjaden_sui,1783001744521236481,Derek Jaden ğŸ¦‘ğŸ¥·ğŸ¥¶,71,71.0,9.35,6.0,2025-11-11 07:20:51,1851,God First| $SUI Believer| Crypto MindedğŸ’¯| Web3 Writer/ Thread Creator| Reply Guy,2025-12-11 01:04:19.363833,derekjaden_sui,lofitheyeti,2,C17,derekjaden_sui
lofitheyeti,foyeajuddinovi,1768546724493361152,Foyeaj ğŸ«Ÿ | âˆ KIN | OverTake,43,43.0,14.53,2.34,2025-11-25 21:12:22,4097,;) Dog live in SUI and fly on sky with WEB3,2025-12-11 01:04:19.363833,foyeajuddinovi,lofitheyeti,4,C69,foyeajuddinovi
lofitheyeti,peddy_sui,1921182901435039744,Pedro.suiğŸ¥¶,12,12.0,12.9,0.73,2025-11-20 06:36:36,518,,2025-12-11 01:04:19.363833,peddy_sui,lofitheyeti,7,C65,peddy_sui
lofitheyeti,big_stanx,1859028272903835648,BigstanğŸ¥|| SUINAMI LAGOS,25,25.0,14.88,1.33,2025-11-11 05:24:01,2724,@GAWBLENZ AMBASSADOR | NFTS LOVER | âœ¦HYPE MANğŸ¤âœ¦ SPACE HOST ğŸ™ï¸|VIDEO CONTENT CREATOR |Suitwo CTO. #I LOVE SUI.,2025-12-11 01:04:19.363833,big_stanx,lofitheyeti,5,C70,big_stanx
lofitheyeti,big_stanx,1859028272903835648,BigstanğŸ¥|| SUINAMI LAGOS,25,25.0,14.88,1.33,2025-11-11 05:24:01,2724,@GAWBLENZ AMBASSADOR | NFTS LOVER | âœ¦HYPE MANğŸ¤âœ¦ SPACE HOST ğŸ™ï¸|VIDEO CONTENT CREATOR |Suitwo CTO. #I LOVE SUI.,2025-12-11 01:04:19.363833,big_stanx,lofitheyeti,5,C70,big_stanx
Scallop_io,chowtato,3387572619,cato batato ğŸ˜¾,191,95.5,2.45,53.74,2025-11-13 08:32:59,6977,"ecosystem lead @suifoundation, accelerator and plushie czar @suinetwork | prev partnerships @mysten_labs, @unity, & @vmware | nfa + dyor",2025-12-11 01:04:29.093054,chowtato,Scallop_io,1,C71,chowtato
Scallop_io,overtake_world,1552565302503694336,OVERTAKE,114,114.0,3.84,20.42,2025-11-28 12:02:51,299092,OVERTAKE is a peer-to-peer marketplace on @SuiNetwork for trading gaming assets securely via smart contract escrow.,2025-12-11 01:04:29.093054,overtake_world,Scallop_io,2,C72,overtake_world
Scallop_io,silverhard_,1606720742925770752,Silverhard.sui (zone arc),15,15.0,5.08,2.03,2025-12-01 08:51:00,6274,Builder & Creator on sui â†’ Official AMB @Scallop_io  || RWA & DeSci || REDACTED soon,2025-12-11 01:04:29.093054,silverhard_,Scallop_io,3,C60,silverhard_
AftermathFi,akinkunmibayour,1604504687918694401,Bayour Akinkunmi ğŸğ¤Š CLONE,38,38.0,20.21,2.9,2025-11-16 06:58:25,371,"beautiful creature
#Polygon #ğ¤Š DZG9RDWU",2025-12-11 01:04:33.855445,akinkunmibayour,AftermathFi,3,C73,akinkunmibayour
AftermathFi,chowtato,3387572619,cato batato ğŸ˜¾,140,140.0,2.46,87.94,2025-12-02 17:15:43,6977,"ecosystem lead @suifoundation, accelerator and plushie czar @suinetwork | prev partnerships @mysten_labs, @unity, & @vmware | nfa + dyor",2025-12-11 01:04:33.855445,chowtato,AftermathFi,1,C71,chowtato
AftermathFi,ismailwakili20,1577033735819694086,Ismail ibrahim,53,53.0,21.29,3.84,2025-11-20 07:00:44,904,,2025-12-11 01:04:33.855445,ismailwakili20,AftermathFi,2,C74,ismailwakili20
AftermathFi,silverhard_,1606720742925770752,Silverhard.sui (zone arc),15,15.0,5.08,4.55,2025-12-01 08:51:00,6274,Builder & Creator on sui â†’ Official AMB @Scallop_io  || RWA & DeSci || REDACTED soon,2025-12-11 01:04:33.855445,silverhard_,AftermathFi,5,C60,silverhard_
AftermathFi,techboy_25,1578415439398551553,bhodack,29,29.0,58.0,0.77,2025-11-20 12:25:19,246,Trading finances,2025-12-11 01:04:33.855445,techboy_25,AftermathFi,4,C75,techboy_25
CetusProtocol,0xedle,1434464814974210048,Edle.sui,22,22.0,1.73,19.52,2025-11-20 16:53:09,9010,"Full time degen. 

Official Ambassador @navi_protocol  @CetusProtocolğŸ’§ 

@SuiNetwork  Maxi",2025-12-11 01:04:44.988358,0xedle,CetusProtocol,3,C76,0xedle
CetusProtocol,0xgilllee,1702375423596961793,Gilmo,102,102.0,2.3,67.98,2025-11-19 14:18:08,14240,"Come with me on this journey full of:

-  Narrative Insights | Project Research
-  On-chain Data |  Market Updates

amb: @Lombard_Finance",2025-12-11 01:04:44.988358,0xgilllee,CetusProtocol,1,C77,0xgilllee
CetusProtocol,suinetworkbr,1836813032325791744,Sui Community Brasil,37,37.0,4.75,11.93,2025-11-11 14:20:00,1689,"Comunidade Sui BR | Devs, Updates & Oportunidades na rede Sui:
ğŸ’§Whatsapp oficial para desenvolvedores no link da bio.",2025-12-11 01:04:44.988358,suinetworkbr,CetusProtocol,2,C66,suinetworkbr
CetusProtocol,zyborev38691,1896813369614651392,Roman Zyborev ğŸŒ™ @VESTN_io Add âŒ˜ğŸ› ï¸,7,7.0,50.0,0.21,2025-12-05 12:49:17,74,,2025-12-11 01:04:44.988358,zyborev38691,CetusProtocol,4,C78,zyborev38691
Ensofi_xyz,nil_to_shi,1234749007206838272,"Niltoshi I (â–,â–)",85,21.25,38.29,0.14,2025-11-17 03:20:15,11136,Airdrop Hunter | Web3 Builder | Explorer,2025-12-11 01:04:56.294056,nil_to_shi,Ensofi_xyz,2,C79,nil_to_shi
Ensofi_xyz,ismailwakili20,1577033735819694086,Ismail ibrahim,144,48.0,23.92,0.38,2025-11-19 07:35:52,904,,2025-12-11 01:04:56.294056,ismailwakili20,Ensofi_xyz,1,C74,ismailwakili20
Ensofi_xyz,techboy_25,1578415439398551553,bhodack,63,31.5,45.0,0.09,2025-11-20 12:25:19,246,Trading finances,2025-12-11 01:04:56.294056,techboy_25,Ensofi_xyz,4,C75,techboy_25
Ensofi_xyz,delekenny152861,1805560056882098176,D.kenny,80,80.0,1.7,2.95,2025-11-13 14:59:55,804,WEB3 | Content Writer |,2025-12-11 01:04:56.294056,delekenny152861,Ensofi_xyz,3,C80,delekenny152861
Ensofi_xyz,akinkunmibayour,1604504687918694401,Bayour Akinkunmi ğŸğ¤Š CLONE,38,38.0,20.21,0.12,2025-11-16 06:58:25,371,"beautiful creature
#Polygon #ğ¤Š DZG9RDWU",2025-12-11 01:04:56.294056,akinkunmibayour,Ensofi_xyz,5,C73,akinkunmibayour
Ensofi_xyz,crypto_x1,1157588826535206913,Crypto Man ğŸ¦™ğŸ”¥,24,24.0,52.17,0.73,2025-11-11 06:04:31,3209,ğŸš€ Blockchain & Web3 Explorer ğŸš€ Simple Crypto LoverğŸ’”,2025-12-11 01:04:56.294056,crypto_x1,Ensofi_xyz,6,C81,crypto_x1
bucket_protocol,ad_subho,1856689722489241600,Subho,1,1.0,8.33,0.13,2025-11-15 19:41:50,501,- AirDrop - Web3 - Crypto -,2025-12-11 01:04:50.868628,ad_subho,bucket_protocol,1,C51,ad_subho
Turbos_finance,anayophd,738099903570845696,Anayo.sui,16,16.0,23.19,1.84,2025-12-01 14:09:35,5542,AMB @Pawtatofinance @Cetusprotocol | PM @suioncampus,2025-12-11 01:04:55.770942,anayophd,Turbos_finance,3,C82,anayophd
Turbos_finance,phamhauvan103,1749825513424883712,TwentySui (SuiNS Council),18,18.0,7.5,6.39,2025-12-01 07:11:46,2909,"- Mod: @suivncommunity @lofitheyeti @zofaiperps 
- SuiNS Council Team: @suinsdapp 
- Ambassador: @navi_protocol l @CetusProtocol l @PawtatoFinance @Suicoralreef",2025-12-11 01:04:55.770942,phamhauvan103,Turbos_finance,2,C83,phamhauvan103
Turbos_finance,williamm168,1888792828228280320,William | 116.sui | $MMT | â“‚ï¸â“‚ï¸T,47,47.0,1.36,91.78,2025-11-15 14:30:23,4565,Janitor at SuiHub HCMC | Powered by @WalrusProtocol & @Scallop_io. Views/tweets are my own.,2025-12-11 01:04:55.770942,williamm168,Turbos_finance,1,C84,williamm168
Claynosaurz,doncurrent_,469458300,Doncurrent,33,33.0,1.67,1.83,2025-11-14 06:10:10,4456,God First || DeFi Content Creator and Educator || Public Speaker ğŸ™ï¸ || Beta Tester || Marketer,2025-12-11 01:05:00.399389,doncurrent_,Claynosaurz,3,C53,doncurrent_
Claynosaurz,eyezenhour,883752230,eye zen hour ğŸ¥¶,153,153.0,2.52,5.63,2025-11-25 19:00:56,73629,"Founder. Builder. Writer. Sharing insights in DeFi, Economics, & Business ğŸš€ Cooking @lofitheyeti on $SUI â™ï¸ @zeroomega_",2025-12-11 01:05:00.399389,eyezenhour,Claynosaurz,1,C85,eyezenhour
Claynosaurz,foyeajuddinovi,1768546724493361152,Foyeaj ğŸ«Ÿ | âˆ KIN | OverTake,43,43.0,14.53,0.27,2025-11-25 21:12:22,4097,;) Dog live in SUI and fly on sky with WEB3,2025-12-11 01:05:00.399389,foyeajuddinovi,Claynosaurz,2,C69,foyeajuddinovi
Claynosaurz,philose,1854344207068192768,Philose,25,25.0,9.84,0.24,2025-12-05 06:25:30,5846,#EatFi Enthusiast | Replies/ Shitpost @WalrusProtocol ğŸ¦­ & @CetusProtocol ğŸ³,2025-12-11 01:05:00.399389,philose,Claynosaurz,4,C33,philose
Claynosaurz,vishal_nir16165,1801313237964591104,Vishal Ï€Â²âŒ˜ğŸŒ¶ï¸,0,0.0,0.0,0.0,2025-11-18 01:46:33,54,â€œBe Like Flare,2025-12-11 01:05:00.399389,vishal_nir16165,Claynosaurz,5,C86,vishal_nir16165
DeAgentAI,suinetworkbr,1836813032325791744,Sui Community Brasil,37,37.0,4.75,100.0,2025-11-11 14:20:00,1689,"Comunidade Sui BR | Devs, Updates & Oportunidades na rede Sui:
ğŸ’§Whatsapp oficial para desenvolvedores no link da bio.",2025-12-11 01:05:04.919954,suinetworkbr,DeAgentAI,1,C66,suinetworkbr
WalrusProtocol,philose,1854344207068192768,Philose,41,20.5,8.7,0.5,2025-12-03 17:18:54,5846,#EatFi Enthusiast | Replies/ Shitpost @WalrusProtocol ğŸ¦­ & @CetusProtocol ğŸ³,2025-12-11 01:05:12.260036,philose,WalrusProtocol,4,C33,philose
WalrusProtocol,rj_simmonds,25310321,rebecca simmonds ğŸ¦­/acc,160,80.0,4.32,3.95,2025-11-11 15:50:04,2506,Managing Executive of Walrus Foundation,2025-12-11 01:05:12.260036,rj_simmonds,WalrusProtocol,2,C87,rj_simmonds
WalrusProtocol,denispodd_17,1540691339364298753,DnsXpoD,90,90.0,17.86,0.54,2025-12-04 01:33:42,2619,gamblerâ˜†paperhanderâ˜†mferâ˜†smoll,2025-12-11 01:05:12.260036,denispodd_17,WalrusProtocol,3,C68,denispodd_17
WalrusProtocol,emanabio,780566666790842368,Adeniyi.sui,447,447.0,6.14,7.77,2025-12-05 15:03:39,85514,"Co-founder & CPO at @Mysten_Labs. Building @SuiNetwork & @WalrusProtocol. Jesus, Family, Crypto. Views are my own, RT â‰  endorsement.",2025-12-11 01:05:12.260036,emanabio,WalrusProtocol,1,C88,emanabio
WalrusProtocol,grootkkw,1441100880795762696,ubergeek.sui ã€ŒğŸ¦‘ã€,23,23.0,2.62,0.94,2025-12-05 15:54:56,8015,I want to connect with good people and build a network to grow together. Sui Ambassador | Partnerships @FullSailFi,2025-12-11 01:05:12.260036,grootkkw,WalrusProtocol,8,C89,grootkkw
WalrusProtocol,monty159,1468997491077136385,Straw-Hat MğŸ…¾ï¸nty.btc.fb.hl ğŸŸ§,16,16.0,1.24,1.38,2025-12-05 17:59:29,3298,Monty has a Straw-hat #SushiGang ğŸ£ â˜ ï¸ â¬†ï¸ #Broadside $BTC $ETH $HYPE,2025-12-11 01:05:12.260036,monty159,WalrusProtocol,9,C90,monty159
WalrusProtocol,nefarii,1859879905,áŠ”á‹áˆª,40,40.0,1.91,2.23,2025-11-22 10:44:15,17678,Chef Patron @SuiMoveAfrica || Building @SuiNetworkGhana | @SuiNetworkKE || Built @SuiNetworkNG || Intern @presanaxyz || KÎ›GE,2025-12-11 01:05:12.260036,nefarii,WalrusProtocol,5,C91,nefarii
WalrusProtocol,suinetworkbr,1836813032325791744,Sui Community Brasil,37,37.0,4.75,0.83,2025-11-11 14:20:00,1689,"Comunidade Sui BR | Devs, Updates & Oportunidades na rede Sui:
ğŸ’§Whatsapp oficial para desenvolvedores no link da bio.",2025-12-11 01:05:12.260036,suinetworkbr,WalrusProtocol,6,C66,suinetworkbr
WalrusProtocol,ajunestyle,1151571280015101954,Ajune ğŸ‘°,35,35.0,21.74,0.17,2025-11-22 07:58:15,2493,"Crypto enthusiast| Web3 sarita|
@KaitoAI creator| ğŸ‘¾ğŸ›¡ï¸|",2025-12-11 01:05:12.260036,ajunestyle,WalrusProtocol,7,C61,ajunestyle
WalrusProtocol,binnorthy,1725398140096856064,Binnorthy_SuiğŸŒŠ,16,16.0,3.76,0.45,2025-12-02 05:20:19,1661,"Crypto trader,Web3 Content Creator,Sui maxi,Airdrop hunter,NFT maxi/Keeper,Community moderator,@PawtatoFinance  believerğŸŒ± @Giverep Famoor,Builder ğŸ”” Binnorthy",2025-12-11 01:05:12.260036,binnorthy,WalrusProtocol,9,C10,binnorthy
volo_sui,suinetwork,1428872926363754497,Sui,403,403.0,2.05,100.0,2025-12-05 00:00:10,1117547,"Layer 1 blockchain designed to make digital asset ownership fast, private, secure, and accessible to everyone. Twitter by @SuiFoundation. RT â‰  endorsement.",2025-12-11 01:05:24.106438,suinetwork,volo_sui,1,C63,suinetwork
SurgeOnSui,peddy_sui,1921182901435039744,Pedro.suiğŸ¥¶,12,12.0,12.9,100.0,2025-11-20 06:36:36,518,,2025-12-11 01:05:23.867150,peddy_sui,SurgeOnSui,1,C65,peddy_sui
fullsailfi,doncurrent_,469458300,Doncurrent ğŸ°,10,10.0,0.35,49.67,2025-12-04 14:02:48,4456,God First || DeFi Content Creator and Educator || Public Speaker ğŸ™ï¸ || Beta Tester || Marketer,2025-12-11 01:05:28.850869,doncurrent_,fullsailfi,1,C53,doncurrent_
doubleup_app,chowtato,3387572619,cato batato ğŸ˜¾,140,140.0,2.46,99.74,2025-12-02 17:15:43,6977,"ecosystem lead @suifoundation, accelerator and plushie czar @suinetwork | prev partnerships @mysten_labs, @unity, & @vmware | nfa + dyor",2025-12-11 01:05:34.278279,chowtato,doubleup_app,1,C71,chowtato
doubleup_app,lobzanov76116,1899115597713059840,Andrey LobzanovğŸŒ™,4,4.0,26.67,0.26,2025-11-27 08:29:57,87,,2025-12-11 01:05:34.278279,lobzanov76116,doubleup_app,2,C92,lobzanov76116
TypusFinance,zyborev38691,1896813369614651392,Roman Zyborev ğŸŒ™ @VESTN_io Add âŒ˜ğŸ› ï¸,14,7.0,4.73,91.64,2025-11-25 08:56:37,74,,2025-12-11 01:05:36.455638,zyborev38691,TypusFinance,2,C78,zyborev38691
TypusFinance,cessloco711,860600618,Sergey Kyzin Add ğŸ§™â€â™‚ï¸ @VESTN,21,21.0,77.78,8.36,2025-11-17 08:09:52,152,,2025-12-11 01:05:36.455638,cessloco711,TypusFinance,1,C93,cessloco711
xocietyofficial,chowtato,3387572619,cato batato ğŸ˜¾,140,140.0,2.46,30.91,2025-12-02 17:15:43,6977,"ecosystem lead @suifoundation, accelerator and plushie czar @suinetwork | prev partnerships @mysten_labs, @unity, & @vmware | nfa + dyor",2025-12-11 01:05:44.163596,chowtato,xocietyofficial,1,C71,chowtato
xocietyofficial,cryptpope,1641062649977794562,POPE,57,57.0,6.16,5.02,2025-11-24 10:00:00,2007,Gamer | content creator & Streamer | mod @super_b_io,2025-12-11 01:05:44.163596,cryptpope,xocietyofficial,3,C94,cryptpope
xocietyofficial,overtake_world,1552565302503694336,OVERTAKE,114,114.0,3.84,16.08,2025-11-28 12:02:51,299092,OVERTAKE is a peer-to-peer marketplace on @SuiNetwork for trading gaming assets securely via smart contract escrow.,2025-12-11 01:05:44.163596,overtake_world,xocietyofficial,2,C72,overtake_world
xocietyofficial,suinetwork_fr,1894451524413321216,Sui France ğŸ‡«ğŸ‡·,16,16.0,6.64,1.31,2025-12-03 14:52:46,10446,"Blockchain de Layer 1 conÃ§ue pour garantir une possession dâ€™actifs numÃ©riques rapide, privÃ©e, sÃ©curisÃ©e et accessible Ã  tous. Twitter affiliÃ© Ã  @SuiFoundation.",2025-12-11 01:05:44.163596,suinetwork_fr,xocietyofficial,4,C64,suinetwork_fr
blubsui,peddy_sui,1921182901435039744,Pedro.suiğŸ¥¶,12,12.0,12.9,100.0,2025-11-20 06:36:36,518,,2025-12-11 01:05:47.400569,peddy_sui,blubsui,1,C65,peddy_sui
nemoprotocol,0x_treasurejohn,1733185978456571904,"Treasure(ğŸ¤,ğŸ§¡)",95,95.0,60.51,100.0,2025-11-29 06:20:06,1980,"Building.
CM @Haedalprotocol | @Lotusfinance_io | @Nemoprotocol | @Pawtatofinance | iTradeFx",2025-12-11 01:05:47.279786,0x_treasurejohn,nemoprotocol,1,C95,0x_treasurejohn
PawtatoFinance,binnorthy,1725398140096856064,Binnorthy_SuiğŸŒŠ,35,17.5,6.82,3.64,2025-12-01 05:07:51,1661,"Crypto trader,Web3 Content Creator,Sui maxi,Airdrop hunter,NFT maxi/Keeper,Community moderator,@PawtatoFinance  believerğŸŒ± @Giverep Famoor,Builder ğŸ”” Binnorthy",2025-12-11 01:05:55.639437,binnorthy,PawtatoFinance,4,C10,binnorthy
PawtatoFinance,big_stanx,1859028272903835648,BigstanâŒ|HQ ğŸŒ,62,31.0,16.02,2.75,2025-11-11 05:24:01,2724,@GAWBLENZ AMBASSADOR | NFTS LOVER | âœ¦HYPE MANğŸ¤âœ¦ SPACE HOST ğŸ™ï¸|VIDEO CONTENT CREATOR |Suitwo CTO. #I LOVE SUI.,2025-12-11 01:05:55.639437,big_stanx,PawtatoFinance,3,C70,big_stanx
PawtatoFinance,williamm168,1888792828228280320,William | 116.sui | $MMT | â“‚ï¸â“‚ï¸T,64,32.0,1.67,27.22,2025-11-15 14:30:23,4565,Janitor at SuiHub HCMC | Powered by @WalrusProtocol & @Scallop_io. Views/tweets are my own.,2025-12-11 01:05:55.639437,williamm168,PawtatoFinance,2,C84,williamm168
PawtatoFinance,big_stanx,1859028272903835648,BigstanâŒ|HQ ğŸŒ,62,31.0,16.02,2.75,2025-11-11 05:24:01,2724,@GAWBLENZ AMBASSADOR | NFTS LOVER | âœ¦HYPE MANğŸ¤âœ¦ SPACE HOST ğŸ™ï¸|VIDEO CONTENT CREATOR |Suitwo CTO. #I LOVE SUI.,2025-12-11 01:05:55.639437,big_stanx,PawtatoFinance,3,C70,big_stanx
PawtatoFinance,anayophd,738099903570845696,Anayo.sui,16,16.0,23.19,0.49,2025-12-01 14:09:35,5542,AMB @Pawtatofinance @Cetusprotocol | PM @suioncampus,2025-12-11 01:05:55.639437,anayophd,PawtatoFinance,6,C82,anayophd
PawtatoFinance,chowtato,3387572619,cato batato ğŸ˜¾,140,140.0,2.46,40.46,2025-12-02 17:15:43,6977,"ecosystem lead @suifoundation, accelerator and plushie czar @suinetwork | prev partnerships @mysten_labs, @unity, & @vmware | nfa + dyor",2025-12-11 01:05:55.639437,chowtato,PawtatoFinance,1,C71,chowtato
PawtatoFinance,phamhauvan103,1749825513424883712,TwentySui (SuiNS Council),18,18.0,7.5,1.7,2025-12-01 07:11:46,2909,"- Mod: @suivncommunity @lofitheyeti @zofaiperps 
- SuiNS Council Team: @suinsdapp 
- Ambassador: @navi_protocol l @CetusProtocol l @PawtatoFinance @Suicoralreef",2025-12-11 01:05:55.639437,phamhauvan103,PawtatoFinance,5,C83,phamhauvan103
Suilendprotocol,0xgilllee,1702375423596961793,Gilmo,102,102.0,2.3,10.81,2025-11-19 14:18:08,14240,"Come with me on this journey full of:

-  Narrative Insights | Project Research
-  On-chain Data |  Market Updates

amb: @Lombard_Finance",2025-12-11 01:05:54.452401,0xgilllee,Suilendprotocol,3,C77,0xgilllee
Suilendprotocol,0xpain__,1589232895000215553,0xPain,35,35.0,0.43,19.97,2025-11-24 07:34:46,7053,I share my investment journey & thought about web3 stuff | Bullish on the Water chainğŸ’§ Core Contributor @Nerdy_node,2025-12-11 01:05:54.452401,0xpain__,Suilendprotocol,6,C50,0xpain__
Suilendprotocol,chowtato,3387572619,cato batato ğŸ˜¾,140,140.0,2.46,13.88,2025-12-02 17:15:43,6977,"ecosystem lead @suifoundation, accelerator and plushie czar @suinetwork | prev partnerships @mysten_labs, @unity, & @vmware | nfa + dyor",2025-12-11 01:05:54.452401,chowtato,Suilendprotocol,2,C71,chowtato
Suilendprotocol,suinetwork,1428872926363754497,Sui,403,403.0,2.05,47.85,2025-12-05 00:00:10,1117547,"Layer 1 blockchain designed to make digital asset ownership fast, private, secure, and accessible to everyone. Twitter by @SuiFoundation. RT â‰  endorsement.",2025-12-11 01:05:54.452401,suinetwork,Suilendprotocol,1,C63,suinetwork
Suilendprotocol,suinetwork_fr,1894451524413321216,Sui France ğŸ‡«ğŸ‡·,53,53.0,12.27,1.05,2025-11-20 16:53:07,10446,"Blockchain de Layer 1 conÃ§ue pour garantir une possession dâ€™actifs numÃ©riques rapide, privÃ©e, sÃ©curisÃ©e et accessible Ã  tous. Twitter affiliÃ© Ã  @SuiFoundation.",2025-12-11 01:05:54.452401,suinetwork_fr,Suilendprotocol,5,C64,suinetwork_fr
Suilendprotocol,vinidotsui,64514856,vini,70,70.0,2.65,6.44,2025-11-18 23:45:43,5812,Î› | ğŸ‡§ğŸ‡·,2025-12-11 01:05:54.452401,vinidotsui,Suilendprotocol,4,C96,vinidotsui
SoundnessLabs,rj_simmonds,25310321,rebecca simmonds ğŸ¦­/acc,39,39.0,4.14,29.47,2025-12-03 18:15:46,2506,Managing Executive of Walrus Foundation,2025-12-11 01:06:02.591322,rj_simmonds,SoundnessLabs,1,C87,rj_simmonds
switchboardxyz,delekenny152861,1805560056882098176,D.kenny,80,80.0,1.7,69.71,2025-11-13 14:59:55,804,WEB3 | Content Writer |,2025-12-11 01:06:03.623137,delekenny152861,switchboardxyz,1,C80,delekenny152861
navi_protocol,0xedle,1434464814974210048,Edle.sui,22,22.0,1.73,4.79,2025-11-20 16:53:09,9010,"Full time degen. 

Official Ambassador @navi_protocol  @CetusProtocolğŸ’§ 

@SuiNetwork  Maxi",2025-12-11 01:06:05.840486,0xedle,navi_protocol,3,C76,0xedle
navi_protocol,chowtato,3387572619,cato batato ğŸ˜¾,140,140.0,2.46,21.41,2025-12-02 17:15:43,6977,"ecosystem lead @suifoundation, accelerator and plushie czar @suinetwork | prev partnerships @mysten_labs, @unity, & @vmware | nfa + dyor",2025-12-11 01:06:05.840486,chowtato,navi_protocol,2,C71,chowtato
navi_protocol,suinetwork,1428872926363754497,Sui,403,403.0,2.05,73.81,2025-12-05 00:00:10,1117547,"Layer 1 blockchain designed to make digital asset ownership fast, private, secure, and accessible to everyone. Twitter by @SuiFoundation. RT â‰  endorsement.",2025-12-11 01:06:05.840486,suinetwork,navi_protocol,1,C63,suinetwork
LINEUP_games,raghu0208442636,1926491539443740673,Vishal Kumar,355,29.58333333333333,25.58,0.96,2025-11-17 10:00:01,436,Connect with me for daily farming #IOTAambassador @GiveRep,2025-12-11 01:06:17.220468,raghu0208442636,LINEUP_games,2,C3,raghu0208442636
LINEUP_games,kurdm673,1922723634126389250,Kurdm63,228,25.33333333333333,0.93,16.9,2025-11-20 19:50:11,1096,"KURD

Collector of rare NFTs â€¢ Airdrop enthusiast  Sharing tips on how to spot legit drops & join early. #NFT #Crypto",2025-12-11 01:06:17.220468,kurdm673,LINEUP_games,4,C1,kurdm673
LINEUP_games,ghuhhzhhs36023,1853434837312618496,Felix,29,4.833333333333333,17.26,0.12,2025-11-18 04:02:34,490,Crypto enthusiast | Airdrop farmer | Web3 wanderer || @GiveRep Let's farm together!,2025-12-11 01:06:17.220468,ghuhhzhhs36023,LINEUP_games,22,C16,ghuhhzhhs36023
LINEUP_games,idowurotimi10,1547251911862140929,Fecund Bough #IOTAambassador,5,1.0,4.1,0.08,2025-11-19 07:33:03,3088,Building the future of Web3 | Crypto entrepreneur | Turning ideas into onchain impact..,2025-12-11 01:06:17.220468,idowurotimi10,LINEUP_games,37,C29,idowurotimi10
LINEUP_games,01_cryptox,1918724712395653120,Monster,220,55.0,57.14,0.27,2025-11-24 09:26:37,140,,2025-12-11 01:06:17.220468,01_cryptox,LINEUP_games,5,C19,01_cryptox
LINEUP_games,garciaisabel60,1424953810674356224,Sabel ğŸª‚,15,5.0,22.73,0.05,2025-11-17 11:30:00,92,Crypto Agent $SUI,2025-12-11 01:06:17.220468,garciaisabel60,LINEUP_games,28,C27,garciaisabel60
LINEUP_games,aismail_22,1641179508010000384,A. Ismail ğŸ’,187,62.333333333333336,11.14,1.16,2025-11-20 10:22:49,2838,Web3 Content Creator || Moderator || Crypto Trader || Community Builder || Ambassador,2025-12-11 01:06:17.220468,aismail_22,LINEUP_games,7,C12,aismail_22
LINEUP_games,harir1022,1846032112945975296,Harir,179,59.66666666666666,24.32,0.51,2025-11-17 11:51:19,971,"I'm an Iranian girl who loves crypto and Bitcoin
Farmer and Jeweler   #Crypto",2025-12-11 01:06:17.220468,harir1022,LINEUP_games,8,C28,harir1022
LINEUP_games,rez1e92,1072565193014734849,Reza,300,100.0,0.39,53.78,2025-11-23 15:10:32,2841,#IOTAambassador,2025-12-11 01:06:17.220468,rez1e92,LINEUP_games,3,C11,rez1e92
LINEUP_games,crypto_0ggy,1916726908869570560,Crypto Oggy ğŸ˜»,560,186.66666666666663,26.62,1.45,2025-11-18 02:23:09,5601,Crypto Agent ğŸ•µğŸ» || Bitcoin MaxiiiğŸ¥·ğŸ»,2025-12-11 01:06:17.220468,crypto_0ggy,LINEUP_games,1,C26,crypto_0ggy
LINEUP_games,aizco_designs,1987502528335065088,Aizco ğŸŒ,5,2.5,35.71,0.01,2025-11-18 16:57:19,33,All about the blockchain and the bag,2025-12-11 01:06:17.220468,aizco_designs,LINEUP_games,37,C49,aizco_designs
LINEUP_games,talish_vhazroo,1870545330934038528,Talish,218,109.0,35.22,0.43,2025-11-18 00:32:59,729,"Build web3 Reputation

#IOTAambassador",2025-12-11 01:06:17.220468,talish_vhazroo,LINEUP_games,6,C39,talish_vhazroo
LINEUP_games,clarkmark2462,1555898542350340096,é©¬å°”æ–‡åšå£«ã€‚ğŸ§¡ğŸ§¡ğŸ§¡ğŸŠ,15,7.5,28.85,0.04,2025-11-20 19:06:57,398,Saving life is my priority. æ‹¯æ•‘ç”Ÿå‘½æ˜¯æˆ‘çš„é¦–è¦ä»»åŠ¡ã€‚ğŸ©ºğŸ©»ğŸ‘¨â€âš•ï¸,2025-12-11 01:06:17.220468,clarkmark2462,LINEUP_games,28,C25,clarkmark2462
LINEUP_games,alizaker1539930,1884829772586348544,"Ali Zaker Taker (Ã˜,G)",70,35.0,24.65,0.2,2025-11-18 03:00:42,997,,2025-12-11 01:06:17.220468,alizaker1539930,LINEUP_games,15,C13,alizaker1539930
LINEUP_games,thatonelight_12,1716971102713286656,thatonelight.,22,11.0,8.18,0.19,2025-11-20 14:44:09,1138,"Reply guyâ¤ï¸||
Thread writer||
Content Creator||
Community Mod",2025-12-11 01:06:17.220468,thatonelight_12,LINEUP_games,26,C35,thatonelight_12
LINEUP_games,thimy68v,1648572505232400385,My ğŸ‰ Ï€Â²,24,12.0,48.98,0.03,2025-11-22 09:09:20,706,#IOTAambassador,2025-12-11 01:06:17.220468,thimy68v,LINEUP_games,25,C4,thimy68v
LINEUP_games,cryptherapist02,1934329672038252544,Crypto Therapy,38,19.0,43.68,0.06,2025-11-17 19:05:19,4582,Crypto Trader ||  Full time Web3 Degen || NFA || DeFi Enthusiast || CM || Threadoor || DM for Collabs,2025-12-11 01:06:17.220468,cryptherapist02,LINEUP_games,20,C52,cryptherapist02
LINEUP_games,thuytran68v,1620997498390319104,TayZe.X â™¥ | Ï€Â²,28,14.0,49.12,0.04,2025-11-22 08:55:05,730,#IOTAambassador,2025-12-11 01:06:17.220468,thuytran68v,LINEUP_games,23,C14,thuytran68v
LINEUP_games,owolex217693,1689053866531184641,Snow,50,25.0,37.31,0.09,2025-11-23 09:45:09,881,Building a decentralized future with #Web3 | Exploring the possibilities of blockchain | Advocating for digital freedom and sovereignty $sol to $sui,2025-12-11 01:06:17.220468,owolex217693,LINEUP_games,19,C32,owolex217693
LINEUP_games,phanchicuong5,849011579475566592,C&H ğŸŸ§ Ï€Â²,26,13.0,41.94,0.04,2025-11-22 09:11:58,569,#IOTAambassador,2025-12-11 01:06:17.220468,phanchicuong5,LINEUP_games,24,C5,phanchicuong5
LINEUP_games,philose,1854344207068192768,Philose ğŸŒ±,58,29.0,4.68,0.86,2025-11-20 15:01:03,5846,#EatFi Enthusiast | Replies/ Shitpost @WalrusProtocol ğŸ¦­ & @CetusProtocol ğŸ³,2025-12-11 01:06:17.220468,philose,LINEUP_games,17,C33,philose
LINEUP_games,gab_riel4k,1872315395861884928,ğŸŒ¾Ú¯Ø§Ø¨Ø±ÛŒÙ„ ğŸ›¸ğŸ‡ºğŸ‡¸,85,42.5,8.87,0.66,2025-11-19 05:10:06,1015,"ğŸ‡ºğŸ‡¸Gabriel | Iranian crypto enthusiast
Passionate about blockchain & digital assets ğŸ’¸Supporting crypto projects on X
l #IOTAambassador",2025-12-11 01:06:17.220468,gab_riel4k,LINEUP_games,13,C8,gab_riel4k
LINEUP_games,ranasahil00622,1800187877311086592,Sahil ğŸŒŠ,90,45.0,25.64,0.24,2025-11-22 17:01:08,726,"ğŸš€ Web3 Explorer | Airdrop Hunter ğŸ¯ | @Giverep vibes | #IOTAambassador
Backup id @mr_syco_X",2025-12-11 01:06:17.220468,ranasahil00622,LINEUP_games,12,C21,ranasahil00622
LINEUP_games,ansarikhus3737,1946937336283140096,ğ‚ğ«ğ²ğ©ğ­ğ¨ğ…ğ¥ğšğ«ğ,15,7.5,12.61,0.08,2025-11-22 18:23:11,458,"New to Web3 and shaping my own digital space | Learning crypto with curiosity | Exploring the chain gently in my own flow. 
#IOTAambassador",2025-12-11 01:06:17.220468,ansarikhus3737,LINEUP_games,28,C22,ansarikhus3737
LINEUP_games,hontrieu68,1620987823280246784,CatDang | Ï€Â²,26,13.0,37.14,0.05,2025-11-22 08:57:33,719,"Change airdrop | #ISLM_MAXI 
GameFI @orivium
#IOTAambassador",2025-12-11 01:06:17.220468,hontrieu68,LINEUP_games,24,C7,hontrieu68
LINEUP_games,samuelobiora77,1854197101,Plutus | ğ”½rAI ADD+,2,1.0,7.41,0.02,2025-11-24 10:16:58,1887,"Helping young men and women to grow mentally, financially love life, marriage, physically & spiritually and also a motivational giver",2025-12-11 01:06:17.220468,samuelobiora77,LINEUP_games,40,C56,samuelobiora77
LINEUP_games,ifeyinoni,1740078158924189696,"Ife Noniã€Œâšœï¸ã€ (â–,â–)",4,4.0,6.06,0.05,2025-11-20 15:15:41,1367,Web3 Enthusiast/ Explorer | Community builder |Space host |building @IKACHANPFP | Mobile Photographer | Sneaker and Textile  pattern Designer #IOTAambassador,2025-12-11 01:06:17.220468,ifeyinoni,LINEUP_games,38,C37,ifeyinoni
LINEUP_games,JaraWhytee,1798341355992764416,JaraWhytee,35,35.0,3.03,0.8,2025-11-21 07:31:50,467,Doubt has no place,2025-12-11 01:06:17.220468,JaraWhytee,LINEUP_games,21,C30,jarawhytee
LINEUP_games,kareem_tweena,3310244674,ğ•‚ğ”¸â„ğ”¼ğ”¼ğ•„ ğ•‹ğ•ğ”¼ğ”¼â„•ğ”¸,60,60.0,17.44,0.24,2025-11-24 17:11:26,1085,Radiology Technologist ğŸ©» | Medical Content Creator | ğŸš€ Crypto & Blockchain Enthusiast,2025-12-11 01:06:17.220468,kareem_tweena,LINEUP_games,16,C38,kareem_tweena
LINEUP_games,khaledsaif73524,1926659391618420736,Khaled Saifullah,22,22.0,26.83,0.06,2025-11-19 05:05:27,127,@giverepğŸ¤support bay @suiğŸ’§and iam a dullish,2025-12-11 01:06:17.220468,khaledsaif73524,LINEUP_games,26,C97,khaledsaif73524
LINEUP_games,khan_shaho83605,1968603437530263552,Shahoo Khan,13,13.0,14.13,0.06,2025-11-23 17:54:43,189,,2025-12-11 01:06:17.220468,khan_shaho83605,LINEUP_games,30,C40,khan_shaho83605
LINEUP_games,luname662786,1849172348475158528,Sol Luna,57,57.0,24.05,0.16,2025-11-21 17:14:48,1345,"Cyber Architect âœ¦
 
SocialFi + Identity Layers  
Designing how humans connect on chain

Observe | Build | Evolve",2025-12-11 01:06:17.220468,luname662786,LINEUP_games,18,C42,luname662786
LINEUP_games,lynguyen203,1980202363945357312,Ngá»c Ly,0,0.0,0.0,0.02,2025-11-20 14:06:09,349,,2025-12-11 01:06:17.220468,lynguyen203,LINEUP_games,42,C43,lynguyen203
LINEUP_games,mafiacaptain001,1889301891022016512,captain mafia,103,103.0,2.63,2.7,2025-11-19 06:07:03,1447,Just a guy who love crypto  â€¢ #IotaAmbassador,2025-12-11 01:06:17.220468,mafiacaptain001,LINEUP_games,9,C31,mafiacaptain001
LINEUP_games,modavid8646868,1703966409145950208,Abdo Mahmoud Hasbiland,91,91.0,26.69,0.24,2025-11-17 10:04:22,1680,Abdoo,2025-12-11 01:06:17.220468,modavid8646868,LINEUP_games,11,C44,modavid8646868
LINEUP_games,msaqlainfcma,1655969607914536961,Clickity-Clackers $DROPEE,20,20.0,21.51,0.06,2025-11-20 12:46:34,3349,#IotaAmbassador Building with @DataHaven_xyz ğŸ« @billions_ntwk,2025-12-11 01:06:17.220468,msaqlainfcma,LINEUP_games,27,C2,msaqlainfcma
LINEUP_games,nguyensky2012,1647231233712349187,BlueWave ğŸŒŠ RIVER .edgeğŸ¦­,1,1.0,1.75,0.04,2025-11-22 09:36:47,2458,Má»™t lÃ n sÃ³ng tÃ­ch cá»±c trong Ä‘áº¡i dÆ°Æ¡ng Web3. #IOTAambassador,2025-12-11 01:06:17.220468,nguyensky2012,LINEUP_games,41,C47,nguyensky2012
LINEUP_games,pato_programs,1742235907439177728,Patrickpedro,80,80.0,1.65,3.35,2025-11-25 05:01:41,4161,Sui believer - Researcher,2025-12-11 01:06:17.220468,pato_programs,LINEUP_games,14,C48,pato_programs
LINEUP_games,sebassam01,1791877353854930945,SamSebas,6,6.0,15.79,0.03,2025-11-20 15:28:48,609,contributor to @tribdotfun | web3 enthusiast | project manager | Alpha hunter,2025-12-11 01:06:17.220468,sebassam01,LINEUP_games,36,C57,sebassam01
LINEUP_games,somaie777580,1901157652962435072,Somaie77,14,14.0,20.29,0.05,2025-11-18 18:48:14,77,,2025-12-11 01:06:17.220468,somaie777580,LINEUP_games,29,C59,somaie777580
LINEUP_games,srrakib1153845,1754048558670794752,"Sr RakiB Hasbiland nexyai.io Ï€Â²(â–,â–)EmoFi ğŸŒ¶ï¸",7,7.0,21.21,0.02,2025-11-24 18:55:27,920,Crypto exchange #CrunchieOG,2025-12-11 01:06:17.220468,srrakib1153845,LINEUP_games,35,C9,srrakib1153845
LINEUP_games,tanmay130,1106625201830350848,Tanmay,4,4.0,8.51,0.03,2025-11-22 09:39:54,2795,"KOL - @MEXC_Official,@BitunixOfficial,@BitTapGlobal | AMB - @EBlockchainCon | Web3 Analyst & Content Creator | Believer in @SuiNetwork",2025-12-11 01:06:17.220468,tanmay130,LINEUP_games,38,C41,tanmay130
LINEUP_games,tarikul2052,1690302611067641857,ğ—¢ğ˜…ğ— ğ—²ğ˜ğ—®ğ—¦ğ—½ğ—²ğ—°ğ˜ğ—¿ğ—®ğŸŒŒ,12,12.0,3.08,0.27,2025-11-23 18:02:36,3280,follow back to backğŸ’¯ğŸ’¯ğŸ’¯ğŸ’¯,2025-12-11 01:06:17.220468,tarikul2052,LINEUP_games,31,C34,tarikul2052
LINEUP_games,that_one_marvis,1846871738216337409,MÃ¥rvis ğŸ§¸ğŸ’­,3,3.0,7.89,0.03,2025-11-20 14:49:56,1124,Content writer ğŸ–‹ï¸ğŸ’» || Reply guy ğŸ’­ || Building on $SUI || Projects promoter on $SUI || MOD/Community builder || @lofitheyeti believer || #IotaAmbassador,2025-12-11 01:06:17.220468,that_one_marvis,LINEUP_games,39,C45,that_one_marvis
LINEUP_games,thuyhan68,1620979210683822081,Han | Monad | Ï€Â²,0,0.0,0.0,0.02,2025-11-22 08:37:58,821,"Gia Ä‘Ã¬nh 
#IOTAambassador  
$IOTA",2025-12-11 01:06:17.220468,thuyhan68,LINEUP_games,42,C6,thuyhan68
LINEUP_games,vishal_nir16165,1801313237964591104,Vishal Ï€Â²âŒ˜ğŸŒ¶ï¸,0,0.0,0.0,0.0,2025-11-18 01:46:33,54,â€œBe Like Flare,2025-12-11 01:06:17.220468,vishal_nir16165,LINEUP_games,42,C86,vishal_nir16165
LINEUP_games,alekrewella,2796272759,æˆ‘ä¸åƒç‰›è‚‰,20,20.0,15.5,0.66,2025-11-21 05:38:11,320,è¦å¿«ä¹,2025-12-11 01:06:17.220468,alekrewella,LINEUP_games,27,C46,alekrewella
LINEUP_games,bbbbhome,3036078624,BBBB Home,20,20.0,27.4,0.37,2025-11-24 09:44:40,2197,"Exploring the future of crypto with @BioProtocol, @KaitoAI, and @Giverep â€” building trust, insight & reputation in Web3.",2025-12-11 01:06:17.220468,bbbbhome,LINEUP_games,27,C23,bbbbhome
LINEUP_games,bigphemphem,1792209805496446977,PHEM âœŠ,98,98.0,4.79,10.44,2025-11-17 23:59:22,2665,|| Captain @OxRescue || Growth strategist || Amb @Megalodon_sui || NFTs & DeFi ğŸŒ || DEGEN â¤ï¸,2025-12-11 01:06:17.220468,bigphemphem,LINEUP_games,10,C24,bigphemphem
LINEUP_games,cryptosahil2,1734931120637054976,virat(iota),8,8.0,0.09,43.01,2025-11-24 10:48:51,1079,"i am working on  @giverep project.
i love @giverep community.
#giverep is the real King ğŸ‘‘
#IotaAmbassador",2025-12-11 01:06:17.220468,cryptosahil2,LINEUP_games,34,C15,cryptosahil2
LINEUP_games,cryptpope,1641062649977794562,POPE,57,57.0,6.16,4.72,2025-11-24 10:00:00,2007,Gamer | content creator & Streamer | mod @super_b_io,2025-12-11 01:06:17.220468,cryptpope,LINEUP_games,18,C94,cryptpope
LINEUP_games,duynguyen120790,997708096486060033,DuyNguyen Ï€Â²,10,10.0,27.03,0.19,2025-11-24 06:59:19,433,NgÆ°á»i bÃ¬nh thÆ°á»ng,2025-12-11 01:06:17.220468,duynguyen120790,LINEUP_games,32,C54,duynguyen120790
LINEUP_games,elivra_sui,1665731756614467584,Elvira.sui,3,3.0,27.27,0.06,2025-11-17 21:28:37,312,I am the only person that has a good heart,2025-12-11 01:06:17.220468,elivra_sui,LINEUP_games,39,C55,elivra_sui
LINEUP_games,giang86b,1819586324762185728,"Giang (â–,â–)",9,9.0,2.8,1.64,2025-11-19 06:26:14,439,"chÃ©o follow, tÆ°Æ¡ng tÃ¡c

#IOTAambassador",2025-12-11 01:06:17.220468,giang86b,LINEUP_games,33,C58,giang86b
LINEUP_games,hollytorress,1694748253265227783,Holly,9,9.0,0.39,11.77,2025-11-21 07:47:39,121,I love dogs and gummy bears,2025-12-11 01:06:17.220468,hollytorress,LINEUP_games,33,C36,hollytorress
Suigar_com,cessloco711,860600618,Sergey Kyzin Add ğŸ§™â€â™‚ï¸ @VESTN,21,21.0,29.58,1.21,2025-11-11 05:41:46,152,,2025-12-11 01:06:13.626617,cessloco711,Suigar_com,2,C93,cessloco711
Suigar_com,chowtato,3387572619,cato batato ğŸ˜¾,140,140.0,2.46,97.52,2025-12-02 17:15:43,6977,"ecosystem lead @suifoundation, accelerator and plushie czar @suinetwork | prev partnerships @mysten_labs, @unity, & @vmware | nfa + dyor",2025-12-11 01:06:13.626617,chowtato,Suigar_com,1,C71,chowtato
Suigar_com,lobzanov76116,1899115597713059840,Andrey LobzanovğŸŒ™,0,0.0,0.0,0.07,2025-11-25 09:11:41,87,,2025-12-11 01:06:13.626617,lobzanov76116,Suigar_com,3,C92,lobzanov76116
7k_ag_,ad_subho,1856689722489241600,Subho,1,1.0,8.33,0.76,2025-11-15 19:41:50,501,- AirDrop - Web3 - Crypto -,2025-12-11 01:06:17.901592,ad_subho,7k_ag_,4,C51,ad_subho
7k_ag_,aismail_22,1641179508010000384,A. Ismail ğŸ’,70,70.0,5.17,86.08,2025-11-12 10:03:43,2838,Web3 Content Creator || Moderator || Crypto Trader || Community Builder || Ambassador,2025-12-11 01:06:17.901592,aismail_22,7k_ag_,1,C12,aismail_22
7k_ag_,khaledsaif73524,1926659391618420736,Khaled Saifullah,11,11.0,20.75,3.37,2025-11-13 03:59:11,127,@giverepğŸ¤support bay @suiğŸ’§and iam a dullish,2025-12-11 01:06:17.901592,khaledsaif73524,7k_ag_,3,C97,khaledsaif73524
7k_ag_,rk7737811692,1537702680075743234,Crypto ğŸ˜tradersâ“‚ï¸â“‚ï¸T,25,25.0,16.23,9.79,2025-11-12 03:00:58,600,full time crypto trader,2025-12-11 01:06:17.901592,rk7737811692,7k_ag_,2,C98,rk7737811692
SuiNSdapp,nefarii,1859879905,áŠ”á‹áˆª,40,40.0,1.91,100.0,2025-11-22 10:44:15,17678,Chef Patron @SuiMoveAfrica || Building @SuiNetworkGhana | @SuiNetworkKE || Built @SuiNetworkNG || Intern @presanaxyz || KÎ›GE,2025-12-11 01:06:25.217226,nefarii,SuiNSdapp,1,C91,nefarii
ATTNtoken,srrakib1153845,1754048558670794752,"Sr RakiB Hasbiland nexyai.io Ï€Â²(â–,â–)EmoFi ğŸŒ¶ï¸",25,6.25,21.19,27.06,2025-11-24 18:55:27,920,Crypto exchange #CrunchieOG,2025-12-11 01:06:27.129595,srrakib1153845,ATTNtoken,1,C9,srrakib1153845
ATTNtoken,cessloco711,860600618,Sergey Kyzin Add ğŸ§™â€â™‚ï¸ @VESTN,21,21.0,8.33,57.8,2025-11-25 06:56:22,152,,2025-12-11 01:06:27.129595,cessloco711,ATTNtoken,2,C93,cessloco711
AlphaFiSUI,eyezenhour,883752230,eye zen hour ğŸ¥¶,95,95.0,1.5,24.38,2025-11-16 02:14:29,73629,"Founder. Builder. Writer. Sharing insights in DeFi, Economics, & Business ğŸš€ Cooking @lofitheyeti on $SUI â™ï¸ @zeroomega_",2025-12-11 01:06:37.028219,eyezenhour,AlphaFiSUI,2,C85,eyezenhour
AlphaFiSUI,suinetwork,1428872926363754497,Sui,403,403.0,2.05,75.62,2025-12-05 00:00:10,1117547,"Layer 1 blockchain designed to make digital asset ownership fast, private, secure, and accessible to everyone. Twitter by @SuiFoundation. RT â‰  endorsement.",2025-12-11 01:06:37.028219,suinetwork,AlphaFiSUI,1,C63,suinetwork
creekfinance,ad_subho,1856689722489241600,Subho,1,1.0,8.33,0.52,2025-11-15 19:41:50,501,- AirDrop - Web3 - Crypto -,2025-12-11 01:06:36.976748,ad_subho,creekfinance,3,C51,ad_subho
creekfinance,khaledsaif73524,1926659391618420736,Khaled Saifullah,11,11.0,20.75,2.28,2025-11-13 03:59:11,127,@giverepğŸ¤support bay @suiğŸ’§and iam a dullish,2025-12-11 01:06:36.976748,khaledsaif73524,creekfinance,2,C97,khaledsaif73524
creekfinance,rk7737811692,1537702680075743234,Crypto ğŸ˜tradersâ“‚ï¸â“‚ï¸T,25,25.0,16.23,6.62,2025-11-12 03:00:58,600,full time crypto trader,2025-12-11 01:06:36.976748,rk7737811692,creekfinance,1,C98,rk7737811692
Official_NODO,silverhard_,1606720742925770752,Silverhard.sui (zone arc),15,15.0,5.08,76.82,2025-12-01 08:51:00,6274,Builder & Creator on sui â†’ Official AMB @Scallop_io  || RWA & DeSci || REDACTED soon,2025-12-11 01:06:47.734412,silverhard_,Official_NODO,1,C60,silverhard_
Official_NODO,thienbinhad,2176013028,Libra.eth ğŸŒŠRIVER,8,8.0,8.99,23.18,2025-11-28 05:19:36,2864,"Full-time research on project NFT, Web 3.0, Metaverse, Exchangeâ€¦!",2025-12-11 01:06:47.734412,thienbinhad,Official_NODO,2,C67,thienbinhad
DeepBookonSui,nefarii,1859879905,áŠ”á‹áˆª,40,40.0,1.91,21.75,2025-11-22 10:44:15,17678,Chef Patron @SuiMoveAfrica || Building @SuiNetworkGhana | @SuiNetworkKE || Built @SuiNetworkNG || Intern @presanaxyz || KÎ›GE,2025-12-11 01:06:48.533715,nefarii,DeepBookonSui,1,C91,nefarii
DeepBookonSui,suinetworkbr,1836813032325791744,Sui Community Brasil,37,37.0,4.75,8.11,2025-11-11 14:20:00,1689,"Comunidade Sui BR | Devs, Updates & Oportunidades na rede Sui:
ğŸ’§Whatsapp oficial para desenvolvedores no link da bio.",2025-12-11 01:06:48.533715,suinetworkbr,DeepBookonSui,2,C66,suinetworkbr
HaedalProtocol,nil_to_shi,1234749007206838272,"Niltoshi I (â–,â–)",47,23.5,41.23,1.75,2025-11-17 03:20:15,11136,Airdrop Hunter | Web3 Builder | Explorer,2025-12-11 01:07:10.738280,nil_to_shi,HaedalProtocol,3,C79,nil_to_shi
HaedalProtocol,crypto_x1,1157588826535206913,Crypto Man ğŸ¦™ğŸ”¥,24,24.0,52.17,0.71,2025-11-11 06:04:31,3209,ğŸš€ Blockchain & Web3 Explorer ğŸš€ Simple Crypto LoverğŸ’”,2025-12-11 01:07:10.738280,crypto_x1,HaedalProtocol,4,C81,crypto_x1
HaedalProtocol,silverhard_,1606720742925770752,Silverhard.sui (zone arc),15,15.0,5.08,4.52,2025-12-01 08:51:00,6274,Builder & Creator on sui â†’ Official AMB @Scallop_io  || RWA & DeSci || REDACTED soon,2025-12-11 01:07:10.738280,silverhard_,HaedalProtocol,5,C60,silverhard_
HaedalProtocol,0x_treasurejohn,1733185978456571904,"Treasure(ğŸ¤,ğŸ§¡)",95,95.0,60.51,2.41,2025-11-29 06:20:06,1980,"Building.
CM @Haedalprotocol | @Lotusfinance_io | @Nemoprotocol | @Pawtatofinance | iTradeFx",2025-12-11 01:07:10.738280,0x_treasurejohn,HaedalProtocol,1,C95,0x_treasurejohn
HaedalProtocol,vinidotsui,64514856,vini,70,70.0,2.65,40.56,2025-11-18 23:45:43,5812,Î› | ğŸ‡§ğŸ‡·,2025-12-11 01:07:10.738280,vinidotsui,HaedalProtocol,2,C96,vinidotsui
ikadotxyz,emanabio,780566666790842368,Adeniyi.sui,468,468.0,2.36,66.14,2025-11-21 15:50:09,85514,"Co-founder & CPO at @Mysten_Labs. Building @SuiNetwork & @WalrusProtocol. Jesus, Family, Crypto. Views are my own, RT â‰  endorsement.",2025-12-11 01:07:23.186038,emanabio,ikadotxyz,1,C88,emanabio
ikadotxyz,grootkkw,1441100880795762696,ubergeek.sui ã€ŒğŸ¦‘ã€,23,23.0,2.62,2.93,2025-12-05 15:54:56,8015,I want to connect with good people and build a network to grow together. Sui Ambassador | Partnerships @FullSailFi,2025-12-11 01:07:23.186038,grootkkw,ikadotxyz,3,C89,grootkkw
ikadotxyz,monty159,1468997491077136385,Straw-Hat MğŸ…¾ï¸nty.btc.fb.hl ğŸŸ§,16,16.0,1.24,4.3,2025-12-05 17:59:29,3298,Monty has a Straw-hat #SushiGang ğŸ£ â˜ ï¸ â¬†ï¸ #Broadside $BTC $ETH $HYPE,2025-12-11 01:07:23.186038,monty159,ikadotxyz,4,C90,monty159
ikadotxyz,nefarii,1859879905,áŠ”á‹áˆª,40,40.0,1.91,6.95,2025-11-22 10:44:15,17678,Chef Patron @SuiMoveAfrica || Building @SuiNetworkGhana | @SuiNetworkKE || Built @SuiNetworkNG || Intern @presanaxyz || KÎ›GE,2025-12-11 01:07:23.186038,nefarii,ikadotxyz,2,C91,nefarii
flowx_finance,akinkunmibayour,1604504687918694401,Bayour Akinkunmi ğŸğ¤Š CLONE,38,38.0,20.21,38.6,2025-11-16 06:58:25,371,"beautiful creature
#Polygon #ğ¤Š DZG9RDWU",2025-12-11 01:07:28.692915,akinkunmibayour,flowx_finance,2,C73,akinkunmibayour
flowx_finance,ismailwakili20,1577033735819694086,Ismail ibrahim,53,53.0,21.29,51.13,2025-11-20 07:00:44,904,,2025-12-11 01:07:28.692915,ismailwakili20,flowx_finance,1,C74,ismailwakili20
flowx_finance,techboy_25,1578415439398551553,bhodack,29,29.0,58.0,10.27,2025-11-20 12:25:19,246,Trading finances,2025-12-11 01:07:28.692915,techboy_25,flowx_finance,3,C75,techboy_25
